{
    "BTC":0.0061554,
    "ETH":0.04314404,
    "SHIB":1748928.446,
    "DOT": 3.55086258
}