{
    "ADBE":0.21403449,
    "GOLD":4,
    "AMZN":0.19107701,
    "NIO":5.91651376,
    "IQQH":3.18598168,
    "AAL":1
}