{
    "MSFT": 89.38906,
    "GC=F": 93.9,
    "BTC-USD": 3.21039
}